Month,Month_Name,Actual_Generation_MWh,Expected_Generation_MWh,Generation_Variance_MWh,Generation_Variance_Pct,Capacity_Factor,Availability_Percent,Planned_Downtime_Hours,Unplanned_Downtime_Hours,Unplanned_Capacity_MWh,Maintenance_Cost,Maintenance_Events,Safety_Incidents,Capacity_MW
1,January,499952.9,512266.7,-12313.8,-2.4,45.1,99.53,10.0,18.0,3150.0,65742.8,3,0,1490
2,February,449678.9,456606.3,-6927.4,-1.52,44.91,98.64,23.0,23.0,9690.0,169262.8,7,0,1490
3,March,473044.8,484610.9,-11566.1,-2.39,42.67,97.52,11.0,86.0,25800.0,432374.7,14,0,1490
4,April,362761.4,361401.4,1360.0,0.38,33.81,84.99,312.0,12.0,2520.0,1099201.4,37,0,1490
5,May,488644.7,478054.4,10590.3,2.22,44.08,99.28,34.0,31.0,3710.0,108283.3,8,1,1490
6,June,484916.0,485739.3,-823.3,-0.17,45.2,98.49,18.0,40.0,12965.0,229309.0,6,0,1490
7,July,496058.3,506031.1,-9972.8,-1.97,44.75,99.15,28.0,10.0,5400.0,109862.5,4,0,1490
8,August,491756.0,493881.6,-2125.6,-0.43,44.36,99.06,34.0,19.0,6255.0,125679.2,6,0,1490
9,September,457423.3,450426.5,6996.8,1.55,42.64,99.15,46.0,13.0,1820.0,112548.2,7,0,1490
10,October,466708.3,456464.7,10243.6,2.24,42.1,95.64,219.0,6.0,3240.0,354126.7,29,1,1490
11,November,440882.0,439723.8,1158.2,0.26,41.1,98.61,46.0,8.0,1120.0,120628.6,7,0,1490
12,December,480612.3,477899.8,2712.5,0.57,43.35,99.35,23.0,24.0,3700.0,96725.3,6,1,1490
