Month,Month_Name,Generation_Type,Actual_Generation_MWh,Expected_Generation_MWh,Generation_Variance_MWh,Generation_Variance_Pct,Capacity_Factor,Availability_Percent,Planned_Downtime_Hours,Unplanned_Downtime_Hours,Unplanned_Capacity_MWh,Maintenance_Cost,Maintenance_Events,Safety_Incidents,Capacity_MW
1,January,Natural Gas,326112.6,327358.9,-1246.3,-0.38,59.23,100.0,0.0,0.0,0.0,0.0,0,0,740
1,January,Wind,124461.7,134762.1,-10300.4,-7.64,47.8,97.98,10.0,18.0,3150.0,65742.8,3,0,350
1,January,Solar,34267.2,34946.0,-678.8,-1.94,16.75,100.0,0.0,0.0,0.0,0.0,0,0,275
1,January,Battery Energy Storage,15111.4,15199.7,-88.3,-0.58,16.25,100.0,0.0,0.0,0.0,0.0,0,0,125
2,February,Natural Gas,280238.3,285285.9,-5047.6,-1.77,56.35,98.37,0.0,15.0,8100.0,120582.0,2,0,740
2,February,Wind,121278.5,122381.3,-1102.8,-0.9,51.56,98.48,15.0,5.0,1050.0,36591.1,3,0,350
2,February,Solar,36191.7,37101.9,-910.2,-2.45,19.58,98.93,8.0,3.0,540.0,12089.7,2,0,275
2,February,Battery Energy Storage,11970.4,11837.2,133.2,1.13,14.25,100.0,0.0,0.0,0.0,0.0,0,0,125
3,March,Natural Gas,278590.7,291758.7,-13168.0,-4.51,50.6,96.15,0.0,50.0,21220.0,350960.4,6,0,740
3,March,Wind,134420.5,132445.4,1975.1,1.49,51.62,98.39,6.0,14.0,2940.0,52162.3,3,0,350
3,March,Solar,50141.5,50606.8,-465.3,-0.92,24.51,99.21,5.0,12.0,1140.0,19959.5,3,0,275
3,March,Battery Energy Storage,9892.1,9800.0,92.1,0.94,10.64,99.46,0.0,10.0,500.0,9292.5,2,0,125
4,April,Natural Gas,172568.1,173169.8,-601.7,-0.35,32.39,70.81,288.0,0.0,0.0,1034580.0,32,0,740
4,April,Wind,122032.0,120756.9,1275.1,1.06,48.43,98.0,18.0,12.0,2520.0,61748.0,4,0,350
4,April,Solar,59576.1,58859.4,716.7,1.22,30.09,100.0,0.0,0.0,0.0,0.0,0,0,275
4,April,Battery Energy Storage,8585.2,8615.3,-30.1,-0.35,9.54,99.5,6.0,0.0,0.0,2873.4,1,0,125
5,May,Natural Gas,293074.8,292005.9,1068.9,0.37,53.23,100.0,0.0,0.0,0.0,0.0,0,0,740
5,May,Wind,115442.0,106396.2,9045.8,8.5,44.33,97.58,28.0,17.0,2380.0,86462.7,5,0,350
5,May,Solar,69157.3,68714.9,442.4,0.64,33.8,99.35,0.0,14.0,1330.0,18512.6,2,0,275
5,May,Battery Energy Storage,10970.6,10937.4,33.2,0.3,11.8,99.68,6.0,0.0,0.0,3308.0,1,1,125
6,June,Natural Gas,299473.6,305853.4,-6379.8,-2.09,56.21,97.76,0.0,29.0,11920.0,200138.4,3,0,740
6,June,Wind,102298.5,96792.3,5506.2,5.69,40.59,100.0,0.0,0.0,0.0,0.0,0,0,350
6,June,Solar,68940.4,68758.7,181.7,0.26,34.82,97.84,18.0,11.0,1045.0,29170.6,3,0,275
6,June,Battery Energy Storage,14203.5,14334.9,-131.4,-0.92,15.78,100.0,0.0,0.0,0.0,0.0,0,0,125
7,July,Natural Gas,327643.4,331693.9,-4050.5,-1.22,59.51,99.02,0.0,10.0,5400.0,80388.0,1,0,740
7,July,Wind,81138.0,86712.9,-5574.9,-6.43,31.16,99.03,12.0,0.0,0.0,18197.2,1,0,350
7,July,Solar,69626.3,70126.7,-500.4,-0.71,34.03,99.26,16.0,0.0,0.0,11277.3,2,0,275
7,July,Battery Energy Storage,17650.6,17497.6,153.0,0.87,18.98,100.0,0.0,0.0,0.0,0.0,0,0,125
8,August,Natural Gas,318242.4,322282.7,-4040.3,-1.25,57.8,99.02,0.0,10.0,5400.0,80388.0,1,0,740
8,August,Wind,97732.9,92060.1,5672.8,6.16,37.53,99.41,11.0,0.0,0.0,17710.4,1,0,350
8,August,Solar,59573.0,63335.0,-3762.0,-5.94,29.12,98.7,10.0,9.0,855.0,20873.9,2,0,275
8,August,Battery Energy Storage,16207.7,16203.8,3.9,0.02,17.43,99.14,13.0,0.0,0.0,6706.9,2,0,125
9,September,Natural Gas,285164.5,284859.3,305.2,0.11,53.52,99.36,17.0,0.0,0.0,49401.2,2,0,740
9,September,Wind,107245.3,100757.6,6487.7,6.44,42.56,98.44,10.0,13.0,1820.0,49003.9,3,0,350
9,September,Solar,52207.6,52092.6,115.0,0.22,26.37,99.09,19.0,0.0,0.0,14143.1,2,0,275
9,September,Battery Energy Storage,12805.9,12717.0,88.9,0.7,14.23,100.0,0.0,0.0,0.0,0.0,0,0,125
10,October,Natural Gas,284625.9,286254.7,-1628.8,-0.57,51.7,91.85,198.0,6.0,3240.0,329055.7,26,0,740
10,October,Wind,128051.7,116213.3,11838.4,10.19,49.18,99.36,8.0,0.0,0.0,14674.1,1,0,350
10,October,Solar,44025.7,43811.1,214.6,0.49,21.52,99.21,9.0,0.0,0.0,8261.5,1,1,275
10,October,Battery Energy Storage,10005.0,10185.6,-180.6,-1.77,10.76,99.78,4.0,0.0,0.0,2135.4,1,0,125
11,November,Natural Gas,274819.6,274007.0,812.6,0.3,51.58,98.07,19.0,0.0,0.0,76722.9,2,0,740
11,November,Wind,121674.2,121086.4,587.8,0.49,48.28,99.06,6.0,8.0,1120.0,30020.4,2,0,350
11,November,Solar,34734.5,34905.2,-170.7,-0.49,17.54,99.18,9.0,0.0,0.0,7866.8,1,0,275
11,November,Battery Energy Storage,9653.7,9725.2,-71.5,-0.74,10.73,99.22,12.0,0.0,0.0,6018.5,2,0,125
12,December,Natural Gas,293126.6,293616.7,-490.1,-0.17,53.24,99.53,13.0,0.0,0.0,34575.2,1,0,740
12,December,Wind,141688.8,138023.4,3665.4,2.66,54.41,98.87,0.0,16.0,2940.0,44769.6,2,0,350
12,December,Solar,32417.3,32893.0,-475.7,-1.45,15.84,99.35,6.0,8.0,760.0,15023.8,2,1,275
12,December,Battery Energy Storage,13379.6,13366.7,12.9,0.1,14.39,99.68,4.0,0.0,0.0,2356.7,1,0,125
